id,G3
0,4.5
1,3.0
2,4.75
3,4.0
4,5.0
5,5.25
6,1.0
7,4.75
8,3.5
9,3.5
10,4.75
11,4.5
12,2.5
13,4.75
14,2.25
15,4.5
16,3.5
17,1.0
18,5.0
19,2.25
20,2.75
21,3.5
22,4.75
23,4.5
24,4.0
25,1.0
26,1.0
27,3.25
28,3.0
29,3.0
30,5.5
31,3.75
32,3.75
33,4.25
34,2.5
35,3.5
36,3.0
37,5.75
38,4.25
39,3.0
